title,Conference,Type,virtualsite_url,domain/subject,MLTech,openreview_link
Towards Learning High-Precision Least Squares Algorithms with Sequence Models,ICLR 2025,Poster,https://iclr.cc//virtual/2025/poster/28098,math,transformer,https://openreview.net/forum?id=snocoXIQXz
Towards Marginal Fairness Sliced Wasserstein Barycenter,ICLR 2025,Poster,https://iclr.cc//virtual/2025/poster/29877,math,optimal_transport,https://openreview.net/forum?id=NQqJPPCesd
Towards Scalable Topological Regularizers,ICLR 2025,Poster,https://iclr.cc//virtual/2025/poster/30329,math,neural_network,https://openreview.net/forum?id=FjZcwQJX8D
Towards Self-Supervised Covariance Estimation in Deep Heteroscedastic Regression,ICLR 2025,Poster,https://iclr.cc//virtual/2025/poster/29712,math,neural_network,https://openreview.net/forum?id=Q1kPHLUbhi
Towards Understanding the Robustness of Diffusion-Based Purification: A Stochastic Perspective,ICLR 2025,Poster,https://iclr.cc//virtual/2025/poster/28104,physics,diffusion_model,https://openreview.net/forum?id=shqjOIK3SA
Towards Understanding the Universality of Transformers for Next-Token Prediction,ICLR 2025,Poster,https://iclr.cc//virtual/2025/poster/27720,math,transformer,https://openreview.net/forum?id=yWoV4Ca6ji
Towards Understanding Why FixMatch Generalizes Better Than Supervised Learning,ICLR 2025,Poster,https://iclr.cc//virtual/2025/poster/31162,math,neural_network,https://openreview.net/forum?id=25kAzqzTrz
Towards Understanding Why Label Smoothing Degrades Selective Classification and How to Fix It,ICLR 2025,Poster,https://iclr.cc//virtual/2025/poster/30864,math,neural_network,https://openreview.net/forum?id=6oWFn6fY4A
Tractable Multi-Agent Reinforcement Learning through Behavioral Economics,ICLR 2025,Poster,https://iclr.cc//virtual/2025/poster/28091,social_science,reinforcement_learning,https://openreview.net/forum?id=stUKwWBuBm
Transition Path Sampling with Improved Off-Policy Training of Diffusion Path Samplers,ICLR 2025,Poster,https://iclr.cc//virtual/2025/poster/29361,chemistry,diffusion_model,https://openreview.net/forum?id=WQV9kB1qSU
Tree-Wasserstein Distance for High Dimensional Data with a Latent Feature Hierarchy,ICLR 2025,Poster,https://iclr.cc//virtual/2025/poster/28404,math,optimal_transport,https://openreview.net/forum?id=nYjAzwor9R
TRENDy: Temporal Regression of Effective Nonlinear Dynamics,ICLR 2025,Poster,https://iclr.cc//virtual/2025/poster/29850,physics,neural_ode,https://openreview.net/forum?id=NvDRvtrGLo
Trivialized Momentum Facilitates Diffusion Generative Modeling on Lie Groups,ICLR 2025,Poster,https://iclr.cc//virtual/2025/poster/30456,physics,diffusion_model,https://openreview.net/forum?id=DTatjJTDl1
Underdamped Diffusion Bridges with Applications to Sampling,ICLR 2025,Poster,https://iclr.cc//virtual/2025/poster/29713,physics,diffusion_model,https://openreview.net/forum?id=Q1QTxFm0Is
UniGEM: A Unified Approach to Generation and Property Prediction for Molecules,ICLR 2025,Poster,https://iclr.cc//virtual/2025/poster/29987,chemistry,diffusion_model,https://openreview.net/forum?id=Lb91pXwZMR
UniMatch: Universal Matching from Atom to Task for Few-Shot Drug Discovery,ICLR 2025,Poster,https://iclr.cc//virtual/2025/poster/27929,chemistry,neural_network,https://openreview.net/forum?id=v9EjwMM55Y
Universal generalization guarantees for Wasserstein distributionally robust models,ICLR 2025,Poster,https://iclr.cc//virtual/2025/poster/31241,math,distributionally_robust_optimization,https://openreview.net/forum?id=0h6v4SpLCY
Utility-Directed Conformal Prediction: A Decision-Aware Framework for Actionable Uncertainty Quantification,ICLR 2025,Poster,https://iclr.cc//virtual/2025/poster/28698,math,conformal_prediction,https://openreview.net/forum?id=iOMnn1hSBO
Variance-Reducing Couplings for Random Features,ICLR 2025,Poster,https://iclr.cc//virtual/2025/poster/28364,math,random_features,https://openreview.net/forum?id=oJLpXraSLb
Variational Bayesian Pseudo-Coreset,ICLR 2025,Poster,https://iclr.cc//virtual/2025/poster/31258,math,variational_inference,https://openreview.net/forum?id=0NAVeUm7sk
Variational Diffusion Posterior Sampling with Midpoint Guidance,ICLR 2025,Poster,https://iclr.cc//virtual/2025/poster/30902,physics,diffusion_model,https://openreview.net/forum?id=6EUtjXAvmj
Variational Search Distributions,ICLR 2025,Poster,https://iclr.cc//virtual/2025/poster/31174,biology,generative_model,https://openreview.net/forum?id=1vrpdV9U3i
VAE-Var: Variational Autoencoder-Enhanced Variational Methods for Data Assimilation in Meteorology,ICLR 2025,Poster,https://iclr.cc//virtual/2025/poster/27950,earth_climate,variational_inference,https://openreview.net/forum?id=utz99dx2RN
Valid Conformal Prediction for Dynamic GNNs,ICLR 2025,Poster,https://iclr.cc//virtual/2025/poster/28722,math,graph_neural_network,https://openreview.net/forum?id=i3T0wvQDKg
WardropNet: Traffic Flow Predictions via Equilibrium-Augmented Learning,ICLR 2025,Poster,https://iclr.cc//virtual/2025/poster/30834,physics,neural_network,https://openreview.net/forum?id=7FHSPd3SRE
Wavelet Diffusion Neural Operator,ICLR 2025,Poster,https://iclr.cc//virtual/2025/poster/30342,physics,neural_operator,https://openreview.net/forum?id=FQhDIGuaJ4
WeatherGFM: Learning a Weather Generalist Foundation Model via In-context Learning,ICLR 2025,Poster,https://iclr.cc//virtual/2025/poster/28660,earth_climate,transformer,https://openreview.net/forum?id=izjNI5bcOV
Wavelet-based Positional Representation for Long Context,ICLR 2025,Poster,https://iclr.cc//virtual/2025/poster/29808,math,transformer,https://openreview.net/forum?id=OhauMUNW8T
ZAPBench: A Benchmark for Whole-Brain Activity Prediction in Zebrafish,ICLR 2025,Poster,https://iclr.cc//virtual/2025/poster/28372,neuroscience,benchmark,https://openreview.net/forum?id=oCHsDpyawq
Zero-shot forecasting of chaotic systems,ICLR 2025,Poster,https://iclr.cc//virtual/2025/poster/29513,physics,foundation_model,https://openreview.net/forum?id=TqYjhJrp9m
Zero-shot Model-based Reinforcement Learning using Large Language Models,ICLR 2025,Poster,https://iclr.cc//virtual/2025/poster/27971,physics,reinforcement_learning,https://openreview.net/forum?id=uZFXpPrwSh
Zero-Shot Whole-Body Humanoid Control via Behavioral Foundation Models,ICLR 2025,Poster,https://iclr.cc//virtual/2025/poster/30661,physics,reinforcement_learning,https://openreview.net/forum?id=9sOR0nYLtz
Scalable Mechanistic Neural Networks,ICLR 2025,Poster,https://iclr.cc//virtual/2025/poster/29818,physics,neural_network,https://openreview.net/forum?id=Oazgf8A24z
Scalable Universal T-Cell Receptor Embeddings from Adaptive Immune Repertoires,ICLR 2025,Poster,https://iclr.cc//virtual/2025/poster/27808,biology,neural_network,https://openreview.net/forum?id=wyF5vNIsO7
Scale-aware Recognition in Satellite Images under Resource Constraints,ICLR 2025,Poster,https://iclr.cc//virtual/2025/poster/29697,earth_climate,transformer,https://openreview.net/forum?id=QIxFo9mFwR
Score-based free-form architectures for high-dimensional Fokker-Planck equations,ICLR 2025,Poster,https://iclr.cc//virtual/2025/poster/30928,physics,neural_network,https://openreview.net/forum?id=5qg6JPSgCj
Score-based Self-supervised MRI Denoising,ICLR 2025,Poster,https://iclr.cc//virtual/2025/poster/27982,medical_healthcare,diffusion_model,https://openreview.net/forum?id=uNd289HjLi
Self-Attention-Based Contextual Modulation Improves Neural System Identification,ICLR 2025,Poster,https://iclr.cc//virtual/2025/poster/30094,neuroscience,self_attention,https://openreview.net/forum?id=JeLqFpFzwX
Self-Supervised Diffusion Models for Electron-Aware Molecular Representation Learning,ICLR 2025,Poster,https://iclr.cc//virtual/2025/poster/29476,chemistry,diffusion_model,https://openreview.net/forum?id=UQ0RqfhgCk
Self-Supervised Diffusion MRI Denoising via Iterative and Stable Refinement,ICLR 2025,Poster,https://iclr.cc//virtual/2025/poster/27810,medical_healthcare,diffusion_model,https://openreview.net/forum?id=wxPnuFp8fZ
Semialgebraic Neural Networks: From roots to representations,ICLR 2025,Poster,https://iclr.cc//virtual/2025/poster/27662,math,neural_network,https://openreview.net/forum?id=zboCXnuNv7
Sensitivity-Aware Amortized Bayesian Inference,ICLR 2025,Poster,https://iclr.cc//virtual/2025/poster/31469,multidisciplinary,bayesian_inference,https://openreview.net/forum?id=Kxtpa9rvM0
Sensitivity-Constrained Fourier Neural Operators for Forward and Inverse Problems in Parametric Differential Equations,ICLR 2025,Poster,https://iclr.cc//virtual/2025/poster/30461,physics,neural_operator,https://openreview.net/forum?id=DPzQ5n3mNm
Shared-AE: Automatic Identification of Shared Subspaces in High-dimensional Neural and Behavioral Activity,ICLR 2025,Poster,https://iclr.cc//virtual/2025/poster/27666,neuroscience,autoencoder,https://openreview.net/forum?id=zXCnIyX9MG
ShEPhERD: Diffusing shape_ electrostatics_ and pharmacophores for bioisosteric drug design,ICLR 2025,Poster,https://iclr.cc//virtual/2025/poster/30057,chemistry,diffusion_model,https://openreview.net/forum?id=KSLkFYHlYg
Signature Kernel Conditional Independence Tests in Causal Discovery for Stochastic Processes,ICLR 2025,Poster,https://iclr.cc//virtual/2025/poster/29848,math,kernel_method,https://openreview.net/forum?id=Nx4PMtJ1ER
SIMPL: Scalable and hassle-free optimisation of neural representations from behaviour,ICLR 2025,Poster,https://iclr.cc//virtual/2025/poster/30670,neuroscience,neural_network,https://openreview.net/forum?id=9kFaNwX6rv
SIM: Surface-based fMRI Analysis for Inter-Subject Multimodal Decoding from Movie-Watching Experiments,ICLR 2025,Poster,https://iclr.cc//virtual/2025/poster/29830,neuroscience,transformer,https://openreview.net/forum?id=OJsMGsO6yn
SimXRD-4M: Big Simulated X-ray Diffraction Data and Crystal Symmetry Classification Benchmark,ICLR 2025,Poster,https://iclr.cc//virtual/2025/poster/28452,materials,,https://openreview.net/forum?id=mkuB677eMM
SINGER: Stochastic Network Graph Evolving Operator for High Dimensional PDEs,ICLR 2025,Poster,https://iclr.cc//virtual/2025/poster/27840,physics,neural_network,https://openreview.net/forum?id=wVADj7yKee
Size-Generalizable RNA Structure Evaluation by Exploring Hierarchical Geometries,ICLR 2025,Poster,https://iclr.cc//virtual/2025/poster/29684,biology,neural_network,https://openreview.net/forum?id=QaTBHSqmH9
SleepSMC: Ubiquitous Sleep Staging via Supervised Multimodal Coordination,ICLR 2025,Poster,https://iclr.cc//virtual/2025/poster/30593,medical_healthcare,transformer,https://openreview.net/forum?id=B5VEi5d3p2
Small Models are LLM Knowledge Triggers for Medical Tabular Prediction,ICLR 2025,Poster,https://iclr.cc//virtual/2025/poster/29343,medical_healthcare,large_language_model,https://openreview.net/forum?id=WoPovNkM5h
SMI-Editor: Edit-based SMILES Language Model with Fragment-level Supervision,ICLR 2025,Poster,https://iclr.cc//virtual/2025/poster/29960,chemistry,language_model,https://openreview.net/forum?id=M29nUGozPa
Solving Differential Equations with Constrained Learning,ICLR 2025,Poster,https://iclr.cc//virtual/2025/poster/30951,physics,neural_network,https://openreview.net/forum?id=5KqveQdXiZ
Solving Inverse Problems with Model Mismatch using Untrained Neural Networks within Model-based Architectures,ICLR 2025,Poster,https://iclr.cc//virtual/2025/poster/31484,physics,neural_network,https://openreview.net/forum?id=XHEhjDxPDl
SOO-Bench: Benchmarks for Evaluating the Stability of Offline Black-Box Optimization,ICLR 2025,Poster,https://iclr.cc//virtual/2025/poster/29089,multidisciplinary,,https://openreview.net/forum?id=bqf0aCF3Dd
Steering Protein Family Design through Profile Bayesian Flow,ICLR 2025,Poster,https://iclr.cc//virtual/2025/poster/29753,biology,bayesian_flow,https://openreview.net/forum?id=PSiijdQjNU
Stiefel Flow Matching for Moment-Constrained Structure Elucidation,ICLR 2025,Poster,https://iclr.cc//virtual/2025/poster/30787,chemistry,flow_matching,https://openreview.net/forum?id=84WmbzikPP
Structure Language Models for Protein Conformation Generation,ICLR 2025,Poster,https://iclr.cc//virtual/2025/poster/29785,biology,language_model,https://openreview.net/forum?id=OzUNDnpQyd
Synthesizing Realistic fMRI: A Physiological Dynamics-Driven Hierarchical Diffusion Model for Efficient fMRI Acquisition,ICLR 2025,Poster,https://iclr.cc//virtual/2025/poster/27664,neuroscience,diffusion_model,https://openreview.net/forum?id=zZ6TT254Np
SysCaps: Language Interfaces for Simulation Surrogates of Complex Systems,ICLR 2025,Poster,https://iclr.cc//virtual/2025/poster/31201,earth_climate,multimodal_model,https://openreview.net/forum?id=1R5BcYS8EC
SymmCD: Symmetry-Preserving Crystal Generation with Diffusion Models,ICLR 2025,Poster,https://iclr.cc//virtual/2025/poster/27763,materials,diffusion_model,https://openreview.net/forum?id=xnssGv9rpW
SynFlowNet: Design of Diverse and Novel Molecules with Synthesis Constraints,ICLR 2025,Poster,https://iclr.cc//virtual/2025/poster/27946,chemistry,gflownet,https://openreview.net/forum?id=uvHmnahyp1
Symbolic regression via MDLformer-guided search: from minimizing prediction error to minimizing description length,ICLR 2025,Poster,https://iclr.cc//virtual/2025/poster/28504,math,transformer,https://openreview.net/forum?id=ljAS7cPAU0
Text2PDE: Latent Diffusion Models for Accessible Physics Simulation,ICLR 2025,Poster,https://iclr.cc//virtual/2025/poster/29869,physics,diffusion_model,https://openreview.net/forum?id=Nb3a8aUGfj
Optimistic Games for Combinatorial Bayesian Optimization with Application to Protein Design,ICLR 2025,Poster,https://iclr.cc//virtual/2025/poster/27768,biology,bayesian_optimization,https://openreview.net/forum?id=xiyzCfXTS6
OSDA Agent: Leveraging Large Language Models for De Novo Design of Organic Structure Directing Agents,ICLR 2025,Poster,https://iclr.cc//virtual/2025/poster/30683,chemistry,llm_agent,https://openreview.net/forum?id=9YNyiCJE3k
PaPaGei: Open Foundation Models for Optical Physiological Signals,ICLR 2025,Poster,https://iclr.cc//virtual/2025/poster/28573,medical_healthcare,foundation_model,https://openreview.net/forum?id=kYwTmlq6Vn
ParFam -- (Neural Guided) Symbolic Regression via Continuous Global Optimization,ICLR 2025,Poster,https://iclr.cc//virtual/2025/poster/30731,multidisciplinary,symbolic_regression,https://openreview.net/forum?id=8y5Uf6oEiB
PathGen-1.6M: 1.6 Million Pathology Image-text Pairs Generation through Multi-agent Collaboration,ICLR 2025,Poster,https://iclr.cc//virtual/2025/poster/28208,medical_healthcare,multimodal_generation,https://openreview.net/forum?id=rFpZnn11gj
Periodic Materials Generation using Text-Guided Joint Diffusion Model,ICLR 2025,Poster,https://iclr.cc//virtual/2025/poster/30619,materials,diffusion_model,https://openreview.net/forum?id=AkBrb7yQ0G
PharmacoMatch: Efficient 3D Pharmacophore Screening via Neural Subgraph Matching,ICLR 2025,Poster,https://iclr.cc//virtual/2025/poster/31161,chemistry,contrastive_learning,https://openreview.net/forum?id=27Qk18IZum
PhyloVAE: Unsupervised Learning of Phylogenetic Trees via Variational Autoencoders,ICLR 2025,Poster,https://iclr.cc//virtual/2025/poster/29234,biology,variational_autoencoder,https://openreview.net/forum?id=Z8TglKXDWm
PhyMPGN: Physics-encoded Message Passing Graph Network for spatiotemporal PDE systems,ICLR 2025,Poster,https://iclr.cc//virtual/2025/poster/28878,physics,graph_neural_network,https://openreview.net/forum?id=fU8H4lzkIm
PhysBench: Benchmarking and Enhancing Vision-Language Models for Physical World Understanding,ICLR 2025,Poster,https://iclr.cc//virtual/2025/poster/32088,physics,vision_language_model,https://openreview.net/forum?id=Q6a9W6kzv5
Physics-aligned field reconstruction with diffusion bridge,ICLR 2025,Poster,https://iclr.cc//virtual/2025/poster/30484,physics,diffusion_model,https://openreview.net/forum?id=D042vFwJAM
Physics-Informed Deep Inverse Operator Networks for Solving PDE Inverse Problems,ICLR 2025,Poster,https://iclr.cc//virtual/2025/poster/31262,physics,physics_informed_nn,https://openreview.net/forum?id=0FxnSZJPmh
Physics-Informed Diffusion Models,ICLR 2025,Poster,https://iclr.cc//virtual/2025/poster/28020,physics,diffusion_model,https://openreview.net/forum?id=tpYeermigp
Physiome-ODE: A Benchmark for Irregularly Sampled Multivariate Time-Series Forecasting Based on Biological ODEs,ICLR 2025,Poster,https://iclr.cc//virtual/2025/poster/30863,biology,benchmark_dataset,https://openreview.net/forum?id=6ouZaBzeNO
PhysPDE: Rethinking PDE Discovery and a Physical HYpothesis Selection Benchmark,ICLR 2025,Poster,https://iclr.cc//virtual/2025/poster/30306,physics,pde_discovery,https://openreview.net/forum?id=G3CpBCQwNh
PIED: Physics-Informed Experimental Design for Inverse Problems,ICLR 2025,Poster,https://iclr.cc//virtual/2025/poster/27871,physics,experimental_design,https://openreview.net/forum?id=w7P92BEsb2
PIG: Physics-Informed Gaussians as Adaptive Parametric Mesh Representations,ICLR 2025,Poster,https://iclr.cc//virtual/2025/poster/27752,physics,physics_informed_nn,https://openreview.net/forum?id=y5B0ca4mjt
PINP: Physics-Informed Neural Predictor with latent estimation of fluid flows,ICLR 2025,Poster,https://iclr.cc//virtual/2025/poster/27928,physics,physics_informed_nn,https://openreview.net/forum?id=vAuodZOQEZ
PIORF: Physics-Informed Ollivier-Ricci Flow for Long–Range Interactions in Mesh Graph Neural Networks,ICLR 2025,Poster,https://iclr.cc//virtual/2025/poster/28238,physics,graph_neural_network,https://openreview.net/forum?id=qkBBHixPow
Poisson-Dirac Neural Networks for Modeling Coupled Dynamical Systems across Domains,ICLR 2025,Poster,https://iclr.cc//virtual/2025/poster/29495,physics,neural_network,https://openreview.net/forum?id=U1DjXQeJRx
Population Transformer: Learning Population-level Representations of Neural Activity,ICLR 2025,Poster,https://iclr.cc//virtual/2025/poster/30337,neuroscience,transformer,https://openreview.net/forum?id=FVuqJt3c4L
PostCast: Generalizable Postprocessing for Precipitation Nowcasting via Unsupervised Blurriness Modeling,ICLR 2025,Poster,https://iclr.cc//virtual/2025/poster/27936,earth_climate,diffusion_model,https://openreview.net/forum?id=v2zcCDYMok
PRDP: Progressively Refined Differentiable Physics,ICLR 2025,Poster,https://iclr.cc//virtual/2025/poster/30710,physics,differentiable_physics,https://openreview.net/forum?id=9Fh0z1JmPU
Predicting the Energy Landscape of Stochastic Dynamical System via  Physics-informed Self-supervised Learning,ICLR 2025,Poster,https://iclr.cc//virtual/2025/poster/29722,physics,self_supervised_learning,https://openreview.net/forum?id=PxRATSTDlS
Procedural Synthesis of Synthesizable Molecules,ICLR 2025,Poster,https://iclr.cc//virtual/2025/poster/29833,chemistry,inverse_design,https://openreview.net/forum?id=OGfyzExd69
Prompt as Knowledge Bank: Boost Vision-language model via Structural Representation for  zero-shot medical detection,ICLR 2025,Poster,https://iclr.cc//virtual/2025/poster/28543,medical_healthcare,vision_language_model,https://openreview.net/forum?id=l0t2rumAvR
ProtComposer: Compositional Protein Structure Generation with 3D Ellipsoids,ICLR 2025,Poster,https://iclr.cc//virtual/2025/poster/31248,biology,generative_model,https://openreview.net/forum?id=0ctvBgKFgc
Proteina: Scaling Flow-based Protein Structure Generative Models,ICLR 2025,Poster,https://iclr.cc//virtual/2025/poster/29538,biology,flow_model,https://openreview.net/forum?id=TVQLu34bdw
ProteinBench: A Holistic Evaluation of Protein Foundation Models,ICLR 2025,Poster,https://iclr.cc//virtual/2025/poster/30553,biology,foundation_model,https://openreview.net/forum?id=BksqWM8737
Protein Language Model Fitness is a Matter of Preference,ICLR 2025,Poster,https://iclr.cc//virtual/2025/poster/29443,biology,protein_language_model,https://openreview.net/forum?id=UvPdpa4LuV
Prototype antithesis for biological few-shot class-incremental learning,ICLR 2025,Poster,https://iclr.cc//virtual/2025/poster/29109,biology,few_shot_learning,https://openreview.net/forum?id=bRqaHn3J5I
ProtPainter: Draw or Drag Protein via Topology-guided Diffusion,ICLR 2025,Poster,https://iclr.cc//virtual/2025/poster/29857,biology,diffusion_model,https://openreview.net/forum?id=Nq7yKYL0Bp
"Pushing the Limits of All-Atom Geometric Graph Neural Networks: Pre-Training, Scaling, and Zero-Shot Transfer",ICLR 2025,Poster,https://iclr.cc//virtual/2025/poster/31010,chemistry,geometric_gnn,https://openreview.net/forum?id=4S2L519nIX
QuaDiM: A Conditional Diffusion Model For Quantum State Property Estimation,ICLR 2025,Poster,https://iclr.cc//virtual/2025/poster/29772,physics,diffusion_model,https://openreview.net/forum?id=P7f55HQtV8
Quantitative Approximation for Neural Operators in Nonlinear Parabolic Equations,ICLR 2025,Poster,https://iclr.cc//virtual/2025/poster/27724,math,neural_operator,https://openreview.net/forum?id=yUefexs79U
RAG-SR: Retrieval-Augmented Generation for Neural Symbolic Regression,ICLR 2025,Poster,https://iclr.cc//virtual/2025/poster/29868,math,symbolic_regression,https://openreview.net/forum?id=NdHka08uWn
"Range, not Independence, Drives Modularity in Biologically Inspired Representations",ICLR 2025,Poster,https://iclr.cc//virtual/2025/poster/30538,neuroscience,representation_learning,https://openreview.net/forum?id=BxQkDog4ti
Reading Your Heart: Learning ECG Words and Sentences via Pre-training ECG Language Model,ICLR 2025,Poster,https://iclr.cc//virtual/2025/poster/30897,medical_healthcare,language_model,https://openreview.net/forum?id=6Hz1Ko087B
Real-time design of architectural structures with differentiable mechanics and neural networks,ICLR 2025,Poster,https://iclr.cc//virtual/2025/poster/29515,physics,differentiable_physics,https://openreview.net/forum?id=Tpjq66xwTq
REBIND: Enhancing Ground-state Molecular Conformation Prediction via Force-Based Graph Rewiring,ICLR 2025,Poster,https://iclr.cc//virtual/2025/poster/29367,chemistry,graph_neural_network,https://openreview.net/forum?id=WNIEr5kydF
Redefining the task of Bioactivity Prediction,ICLR 2025,Poster,https://iclr.cc//virtual/2025/poster/29625,chemistry,bioactivity_prediction_model,https://openreview.net/forum?id=S8gbnkCgxZ
Reframing Structure-Based Drug Design Model Evaluation via Metrics Correlated to Practical Needs,ICLR 2025,Poster,https://iclr.cc//virtual/2025/poster/29635,chemistry,drug_design_evaluation,https://openreview.net/forum?id=RyWypcIMiE
Regulatory DNA Sequence Design with Reinforcement Learning,ICLR 2025,Poster,https://iclr.cc//virtual/2025/poster/30369,biology,reinforcement_learning,https://openreview.net/forum?id=F4IMiNhim1
Reinforcement Learning for Control of Non-Markovian Cellular Population Dynamics,ICLR 2025,Poster,https://iclr.cc//virtual/2025/poster/28960,biology,reinforcement_learning,https://openreview.net/forum?id=dsHpulHpOK
Reliable and Diverse Evaluation of LLM Medical Knowledge Mastery,ICLR 2025,Poster,https://iclr.cc//virtual/2025/poster/29535,medical_healthcare,evaluation_framework,https://openreview.net/forum?id=TXfzH933qV
ReNovo: Retrieval-Based De Novo Mass Spectrometry Peptide Sequencing,ICLR 2025,Poster,https://iclr.cc//virtual/2025/poster/27978,biology,retrieval_augmented_model,https://openreview.net/forum?id=uQnvYP7yX9
RESuM: A Rare Event Surrogate Model for  Physics Detector Design,ICLR 2025,Poster,https://iclr.cc//virtual/2025/poster/28496,physics,surrogate_model,https://openreview.net/forum?id=lqTILjL6lP
Rethinking and Improving Autoformalization: Towards a Faithful Metric and a Dependency Retrieval-based Approach,ICLR 2025,Poster,https://iclr.cc//virtual/2025/poster/28759,math,autoformalization_model,https://openreview.net/forum?id=hUb2At2DsQ
MADGEN: Mass-Spec attends to De Novo Molecular generation,ICLR 2025,Poster,https://iclr.cc//virtual/2025/poster/30846,chemistry,generation_model,https://openreview.net/forum?id=78tc3EiUrN
MAGNet: Motif-Agnostic Generation of Molecules from Scaffolds,ICLR 2025,Poster,https://iclr.cc//virtual/2025/poster/30958,chemistry,generation_model,https://openreview.net/forum?id=5FXKgOxmb2
MAESTRO: Masked Encoding Set Transformer with Self-Distillation,ICLR 2025,Poster,https://iclr.cc//virtual/2025/poster/30353,biology,transformer,https://openreview.net/forum?id=FEZOLWexPb
MAGE: Model-Level Graph Neural Networks Explanations via Motif-based Graph Generation,ICLR 2025,Poster,https://iclr.cc//virtual/2025/poster/27883,chemistry,graph_neural_network,https://openreview.net/forum?id=vue9P1Ypk6
MatExpert: Decomposing Materials Discovery By Mimicking Human Experts,ICLR 2025,Poster,https://iclr.cc//virtual/2025/poster/30631,materials,transformer,https://openreview.net/forum?id=AUBvo4sxVL
MathCoder2: Better Math Reasoning from Continued Pretraining on Model-translated Mathematical Code,ICLR 2025,Poster,https://iclr.cc//virtual/2025/poster/31210,math,transformer,https://openreview.net/forum?id=1Iuw1jcIrf
MathGAP: Out-of-Distribution Evaluation on Problems with Arbitrarily Complex Proofs,ICLR 2025,Poster,https://iclr.cc//virtual/2025/poster/30934,math,transformer,https://openreview.net/forum?id=5ck9PIrTpH
MIND: Math Informed syNthetic Dialogues for Pretraining LLMs,ICLR 2025,Poster,https://iclr.cc//virtual/2025/poster/29504,math,transformer,https://openreview.net/forum?id=TuOTSAiHDn
MAVIS: Mathematical Visual Instruction Tuning with an Automatic Data Engine,ICLR 2025,Poster,https://iclr.cc//virtual/2025/poster/29918,math,transformer,https://openreview.net/forum?id=MnJzJ2gvuf
MGCFNN: A Neural MultiGrid Solver with Novel Fourier Neural Network for High Wave Number Helmholtz Equations,ICLR 2025,Poster,https://iclr.cc//virtual/2025/poster/29525,physics,neural_network,https://openreview.net/forum?id=ThhQyIruEs
Metalic: Meta-Learning In-Context with Protein Language Models,ICLR 2025,Poster,https://iclr.cc//virtual/2025/poster/29540,biology,protein_language_model,https://openreview.net/forum?id=TUKt7ag0qq
Metamizer: A Versatile Neural Optimizer for Fast and Accurate Physics Simulations,ICLR 2025,Poster,https://iclr.cc//virtual/2025/poster/30915,physics,neural_network,https://openreview.net/forum?id=60TXv9Xif5
MGDA Converges under Generalized Smoothness_ Provably,ICLR 2025,Poster,https://iclr.cc//virtual/2025/poster/27830,math,optimization_algorithm,https://openreview.net/forum?id=wgDB1QuxIA
MANTRA: The Manifold Triangulations Assemblage,ICLR 2025,Poster,https://iclr.cc//virtual/2025/poster/29323,math,graph_neural_network,https://openreview.net/forum?id=X6y5CC44HM
MOFFlow: Flow Matching for Structure Prediction of Metal-Organic Frameworks,ICLR 2025,Poster,https://iclr.cc//virtual/2025/poster/28990,materials,flow_matching,https://openreview.net/forum?id=dNT3abOsLo
MolSpectra: Pre-training 3D Molecular Representation with Multi-modal Energy Spectra,ICLR 2025,Poster,https://iclr.cc//virtual/2025/poster/27793,chemistry,transformer,https://openreview.net/forum?id=xJDxVDG3x2
NExT-Mol: 3D Diffusion Meets 1D Language Modeling for 3D Molecule Generation,ICLR 2025,Poster,https://iclr.cc//virtual/2025/poster/28319,chemistry,diffusion_model,https://openreview.net/forum?id=p66a00KLWN
Neural Fluid Simulation on Geometric Surfaces,ICLR 2025,Poster,https://iclr.cc//virtual/2025/poster/30967,physics,neural_network,https://openreview.net/forum?id=58lbAsXCoZ
Neural Sampling from Boltzmann Densities: Fisher-Rao Curves in the Wasserstein Geometry,ICLR 2025,Poster,https://iclr.cc//virtual/2025/poster/29539,physics,generation_model,https://openreview.net/forum?id=TUvg5uwdeG
Multi-objective antibody design with constrained preference optimization,ICLR 2025,Poster,https://iclr.cc//virtual/2025/poster/30996,biology,transformer,https://openreview.net/forum?id=4ktJJBvvUd
Multi-domain Distribution Learning for De Novo Drug Design,ICLR 2025,Poster,https://iclr.cc//virtual/2025/poster/28837,chemistry,flow_matching,https://openreview.net/forum?id=g3VCIM94ke
HELM: Hierarchical Encoding for mRNA Language Modeling,ICLR 2025,Poster,https://iclr.cc//virtual/2025/poster/29936,biology,language_model,https://openreview.net/forum?id=MMHqnUOnl0
PepHAR: Hotspot-Driven Peptide Design via Multi-Fragment Autoregressive Extension,ICLR 2025,Poster,https://iclr.cc//virtual/2025/poster/28614,biology,generation_model,https://openreview.net/forum?id=jqmptcSNVG
Herald: A Natural Language Annotated Lean 4 Dataset,ICLR 2025,Poster,https://iclr.cc//virtual/2025/poster/29589,math,transformer,https://openreview.net/forum?id=Se6MgCtRhz
Hierarchical Uncertainty Estimation for Learning-based Registration in Neuroimaging,ICLR 2025,Poster,https://iclr.cc//virtual/2025/poster/27869,medical_healthcare,neural_network,https://openreview.net/forum?id=w8LMtFY97b
High-Dimensional Bayesian Optimisation with Gaussian Process Prior Variational Autoencoders,ICLR 2025,Poster,https://iclr.cc//virtual/2025/poster/29615,math,gaussian_process,https://openreview.net/forum?id=SIuD7CySb4
High-Dynamic Radar Sequence Prediction for Weather Nowcasting Using Spatiotemporal Coherent Gaussian Representation,ICLR 2025,Poster,https://iclr.cc//virtual/2025/poster/30500,earth_climate,spatiotemporal_model,https://openreview.net/forum?id=Cjz9Xhm7sI
Holistically Evaluating the Environmental Impact of Creating Language Models,ICLR 2025,Poster,https://iclr.cc//virtual/2025/poster/31271,earth_climate,analysis_model,https://openreview.net/forum?id=04qx93Viwj
Hotspot-Driven Peptide Design via Multi-Fragment Autoregressive Extension,ICLR 2025,Poster,https://iclr.cc//virtual/2025/poster/28614,biology,generation_model,https://openreview.net/forum?id=jqmptcSNVG
HR-Extreme: A High-Resolution Dataset for Extreme Weather Forecasting,ICLR 2025,Poster,https://iclr.cc//virtual/2025/poster/30964,earth_climate,dataset,https://openreview.net/forum?id=5AtlfHYCPa
Hyperbolic Genome Embeddings,ICLR 2025,Poster,https://iclr.cc//virtual/2025/poster/29862,biology,hyperbolic_cnn,https://openreview.net/forum?id=NkGDNM8LB0
IgGM: A Generative Model for Functional Antibody and Nanobody Design,ICLR 2025,Poster,https://iclr.cc//virtual/2025/poster/27650,biology,generation_model,https://openreview.net/forum?id=zmmfsJpYcq
Immunogenicity Prediction with Dual Attention Enables Vaccine Target Selection,ICLR 2025,Poster,https://iclr.cc//virtual/2025/poster/28756,biology,neural_network,https://openreview.net/forum?id=hWmwL9gizZ
Improved Sampling Of Diffusion Models In Fluid Dynamics With Tweedie's Formula,ICLR 2025,Poster,https://iclr.cc//virtual/2025/poster/31263,physics,diffusion_model,https://openreview.net/forum?id=0FbzC7B9xI
Incremental Causal Effect for Time to Treatment Initialization,ICLR 2025,Poster,https://iclr.cc//virtual/2025/poster/31239,medical_healthcare,statistical_model,https://openreview.net/forum?id=0mtz0pet1z
Integrating Protein Dynamics into Structure-Based Drug Design via Full-Atom Stochastic Flows,ICLR 2025,Poster,https://iclr.cc//virtual/2025/poster/30663,chemistry,flow_model,https://openreview.net/forum?id=9qS3HzSDNv
In vivo cell-type and brain region classification via multimodal contrastive learning,ICLR 2025,Poster,https://iclr.cc//virtual/2025/poster/31226,neuroscience,contrastive_learning,https://openreview.net/forum?id=10JOlFIPjt
Inverse Rendering using Multi-Bounce Path Tracing and Reservoir Sampling,ICLR 2025,Poster,https://iclr.cc//virtual/2025/poster/30069,physics,path_tracing,https://openreview.net/forum?id=KEXoZxTwbr
InversionGNN: A Dual Path Network for Multi-Property Molecular Optimization,ICLR 2025,Poster,https://iclr.cc//virtual/2025/poster/28405,chemistry,graph_neural_network,https://openreview.net/forum?id=nYPuSzGE3X
KinFormer: Generalizable Dynamical Symbolic Regression for Catalytic Organic Reaction Kinetics,ICLR 2025,Poster,https://iclr.cc//virtual/2025/poster/28399,chemistry,symbolic_regression,https://openreview.net/forum?id=nhrXqy5d5q
KinPFN: Bayesian Approximation of RNA Folding Kinetics using Prior-Data Fitted Networks,ICLR 2025,Poster,https://iclr.cc//virtual/2025/poster/30428,biology,bayesian_network,https://openreview.net/forum?id=E1m5yGMOiV
Large-scale and Fine-grained Vision-language Pre-training for Enhanced CT Image Understanding,ICLR 2025,Poster,https://iclr.cc//virtual/2025/poster/28403,medical_healthcare,vision_language_model,https://openreview.net/forum?id=nYpPAT4L3D
Latent-EnSF: A Latent Ensemble Score Filter for High-Dimensional Data Assimilation with Sparse Observation Data,ICLR 2025,Poster,https://iclr.cc//virtual/2025/poster/27953,earth_climate,data_assimilation_model,https://openreview.net/forum?id=urcEYsZOBz
Learning and aligning single-neuron invariance manifolds in visual cortex,ICLR 2025,Poster,https://iclr.cc//virtual/2025/poster/28569,neuroscience,representation_learning,https://openreview.net/forum?id=kbjJ9ZOakb
Learning a Neural Solver for Parametric PDEs to Enhance Physics-Informed Methods,ICLR 2025,Poster,https://iclr.cc//virtual/2025/poster/28615,physics,physics_informed_neural_network,https://openreview.net/forum?id=jqVj8vCQsT
Learning Chaos In A Linear Way,ICLR 2025,Poster,https://iclr.cc//virtual/2025/poster/29977,physics,operator_learning,https://openreview.net/forum?id=Llh6CinTiy
Learning Distributions of Complex Fluid Simulations with Diffusion Graph Networks,ICLR 2025,Poster,https://iclr.cc//virtual/2025/poster/27985,physics,diffusion_model,https://openreview.net/forum?id=uKZdlihDDn
Learning Equivariant Non-Local Electron Density Functionals,ICLR 2025,Poster,https://iclr.cc//virtual/2025/poster/30333,materials,equivariant_gnn,https://openreview.net/forum?id=FhBT596F1X
Learning General-purpose Biomedical Volume Representations using Randomized Synthesis,ICLR 2025,Poster,https://iclr.cc//virtual/2025/poster/27787,medical_healthcare,representation_learning,https://openreview.net/forum?id=xOmC5LiVuN
Learning local equivariant representations for quantum operators,ICLR 2025,Poster,https://iclr.cc//virtual/2025/poster/28559,physics,equivariant_gnn,https://openreview.net/forum?id=kpq3IIjUD3
Learning Mask Invariant Mutual Information for Masked Image Modeling,ICLR 2025,Poster,https://iclr.cc//virtual/2025/poster/29858,physics,masked_autoencoder,https://openreview.net/forum?id=NoiaAT0eec
"Dynamic Modeling of Patients, Modalities and Tasks via Multi-modal Multi-task Mixture of Experts",ICLR 2025,Poster,https://iclr.cc//virtual/2025/poster/29884,medical_healthcare,mixture_of_experts,https://openreview.net/forum?id=NJxCpMt0sf
E(3)-equivariant models cannot learn chirality: Field-based molecular generation,ICLR 2025,Poster,https://iclr.cc//virtual/2025/poster/28460,chemistry,equivariant_model,https://openreview.net/forum?id=mXHTifc1Fn
ECD: A Machine Learning Benchmark for Predicting Enhanced-Precision Electronic Charge Density in Crystalline Inorganic Materials,ICLR 2025,Poster,https://iclr.cc//virtual/2025/poster/29623,materials,benchmark_dataset,https://openreview.net/forum?id=SBCMNc3Mq3
ECHOPulse: ECG Controlled Echocardio-gram Video Generation,ICLR 2025,Poster,https://iclr.cc//virtual/2025/poster/28723,medical_healthcare,generative_model,https://openreview.net/forum?id=i2r7LDjba3
Effective and Efficient Time-Varying Counterfactual Prediction with State-Space Models,ICLR 2025,Poster,https://iclr.cc//virtual/2025/poster/27707,medical_healthcare,state_space_model,https://openreview.net/forum?id=yheQRc5xWB
Efficient Alternating Minimization with Applications to Weighted Low Rank Approximation,ICLR 2025,Poster,https://iclr.cc//virtual/2025/poster/28163,math,optimization_algorithm,https://openreview.net/forum?id=rvhu4V7yrX
Efficient Biological Data Acquisition through Inference Set Design,ICLR 2025,Poster,https://iclr.cc//virtual/2025/poster/28817,chemistry,active_learning,https://openreview.net/forum?id=gVkX9QMBO3
Efficient Evolutionary Search Over Chemical Space with Large Language Models,ICLR 2025,Poster,https://iclr.cc//virtual/2025/poster/29136,chemistry,large_language_model,https://openreview.net/forum?id=awWiNvQwf3
Efficiently Democratizing Medical LLMs for 50 Languages via a Mixture of Language Family Experts,ICLR 2025,Poster,https://iclr.cc//virtual/2025/poster/30111,medical_healthcare,mixture_of_experts,https://openreview.net/forum?id=JSB171dSUU
Efficiently Parameterized Neural Metriplectic Systems,ICLR 2025,Poster,https://iclr.cc//virtual/2025/poster/27984,physics,neural_network,https://openreview.net/forum?id=uL1H29dM0c
Efficient Masked AutoEncoder for Video Object Counting and A Large-Scale Benchmark,ICLR 2025,Poster,https://iclr.cc//virtual/2025/poster/28124,biology,masked_autoencoder,https://openreview.net/forum?id=sY3anJ8C68
Efficient Neuron Segmentation in Electron Microscopy by Affinity-Guided Queries,ICLR 2025,Poster,https://iclr.cc//virtual/2025/poster/29280,biology,query_based_segmentation,https://openreview.net/forum?id=Y0QqruhqIa
E(3)-Equivariant Topological Neural Networks,ICLR 2025,Poster,https://iclr.cc//virtual/2025/poster/30602,chemistry,equivariant_model,https://openreview.net/forum?id=Ax3uliEBVR
Energy-Based Diffusion Language Models for Text Generation,ICLR 2025,Poster,https://iclr.cc//virtual/2025/poster/28133,multidisciplinary,diffusion_model,https://openreview.net/forum?id=sL2F9YCMXf
Enhanced Diffusion Sampling via Extrapolation with Multiple ODE Solutions,ICLR 2025,Poster,https://iclr.cc//virtual/2025/poster/28214,multidisciplinary,diffusion_model,https://openreview.net/forum?id=rCGleSgNBK
Enhancing the Scalability and Applicability of Kohn-Sham Hamiltonians for Molecular Systems,ICLR 2025,Poster,https://iclr.cc//virtual/2025/poster/28011,chemistry,neural_network,https://openreview.net/forum?id=twEvvkQqPS
Estimation of single-cell and tissue perturbation effect in spatial transcriptomics via Spatial Causal Disentanglement,ICLR 2025,Poster,https://iclr.cc//virtual/2025/poster/29512,biology,graph_neural_network,https://openreview.net/forum?id=Tqdsruwyac
EVAC: Extreme Risk Mitigation in Reinforcement Learning using Extreme Value Theory,ICLR 2025,Poster,https://iclr.cc//virtual/2025/poster/31490,earth_climate,reinforcement_learning,https://openreview.net/forum?id=098mb06uhA
FaceShot: Bring Any Character into Life,ICLR 2025,Poster,https://iclr.cc//virtual/2025/poster/28365,medical_healthcare,diffusion_model,https://openreview.net/forum?id=oJA1GUqRww
Factor Graph-based Interpretable Neural Networks,ICLR 2025,Poster,https://iclr.cc//virtual/2025/poster/31227,multidisciplinary,factor_graph_model,https://openreview.net/forum?id=10DtLPsdro
FACTS: A Factored State-Space Framework for World Modelling,ICLR 2025,Poster,https://iclr.cc//virtual/2025/poster/28966,physics,state_space_model,https://openreview.net/forum?id=dmCGjPFVhF
Flow Matching with Gaussian Process Priors for Probabilistic Time Series Forecasting,ICLR 2025,Poster,https://iclr.cc//virtual/2025/poster/27944,earth_climate,flow_matching,https://openreview.net/forum?id=uxVBbSlKQ4
Flow Matching with General Discrete Paths: A Kinetic-Optimal Perspective,ICLR 2025,Poster,https://iclr.cc//virtual/2025/poster/28039,chemistry,flow_matching,https://openreview.net/forum?id=tcvMzR2NrP
FLOPS: Forward Learning with OPtimal Sampling,ICLR 2025,Poster,https://iclr.cc//virtual/2025/poster/27694,math,forward_learning,https://openreview.net/forum?id=z1nSpA2dAW
Flow Matching with Gaussian Process Priors for Probabilistic Time Series Forecasting,ICLR 2025,Poster,https://iclr.cc//virtual/2025/poster/27944,earth_climate,gaussian_process,https://openreview.net/forum?id=uxVBbSlKQ4
FreeCG: Free the Design Space of Clebsch-Gordan Transform for Machine Learning Force Fields,ICLR 2025,Poster,https://iclr.cc//virtual/2025/poster/28107,materials,equivariant_model,https://openreview.net/forum?id=sfi2j1Ot6j
Gaussian Mixture Counterfactual Generator,ICLR 2025,Poster,https://iclr.cc//virtual/2025/poster/28533,medical_healthcare,generative_model,https://openreview.net/forum?id=lBB3eSn6fY
Generating Physical Dynamics under Priors,ICLR 2025,Poster,https://iclr.cc//virtual/2025/poster/28929,physics,diffusion_model,https://openreview.net/forum?id=eNjXcP6C0H
Generative Flows on Synthetic Pathway for Drug Design,ICLR 2025,Poster,https://iclr.cc//virtual/2025/poster/28313,chemistry,gflownet,https://openreview.net/forum?id=pB1XSj2y4X
Generalizable Motion Planning via Operator Learning,ICLR 2025,Poster,https://iclr.cc//virtual/2025/poster/29468,robotics,neural_operator,https://openreview.net/forum?id=UYcUpiULmT
Generalization and Distributed Learning of GFlowNets,ICLR 2025,Poster,https://iclr.cc//virtual/2025/poster/29760,chemistry,gflownet,https://openreview.net/forum?id=PJNhZoCjLh
Generalization in VAE and Diffusion Models: A Unified Information-Theoretic Analysis,ICLR 2025,Poster,https://iclr.cc//virtual/2025/poster/29890,multidisciplinary,vae;diffusion_model,https://openreview.net/forum?id=NGB6YNnO5o
Generating CAD Code with Vision-Language Models for 3D Designs,ICLR 2025,Poster,https://iclr.cc//virtual/2025/poster/30576,materials,vision_language_model,https://openreview.net/forum?id=BLWaTeucYX
Generating Graphs via Spectral Diffusion,ICLR 2025,Poster,https://iclr.cc//virtual/2025/poster/30647,chemistry,diffusion_model,https://openreview.net/forum?id=AAXBfJNHDt
CarbonSense: A Multimodal Dataset and Baseline for Carbon Flux Modelling,ICLR 2025,Poster,https://iclr.cc//virtual/2025/poster/28534,earth_climate,transformer,https://openreview.net/forum?id=l8zRnvD95l
CBGBench: Fill in the Blank of Protein-Molecule Complex Binding Graph,ICLR 2025,Poster,https://iclr.cc//virtual/2025/poster/28468,biology,generative_model,https://openreview.net/forum?id=mOpNrrV2zH
CheapNet: Cross-attention on Hierarchical representations for Efficient protein-ligand binding Affinity Prediction,ICLR 2025,Poster,https://iclr.cc//virtual/2025/poster/30656,chemistry,neural_network,https://openreview.net/forum?id=A1HhtITVEi
ChemAgent: Self-updating Memories in Large Language Models Improves Chemical Reasoning,ICLR 2025,Poster,https://iclr.cc//virtual/2025/poster/28557,chemistry,transformer,https://openreview.net/forum?id=kuhIqeVg0e
Chemistry-Inspired Diffusion with Non-Differentiable Guidance,ICLR 2025,Poster,https://iclr.cc//virtual/2025/poster/31002,chemistry,diffusion_model,https://openreview.net/forum?id=4dAgG8ma3B
CirT: Global Subseasonal-to-Seasonal Forecasting with Geometry-inspired Transformer,ICLR 2025,Poster,https://iclr.cc//virtual/2025/poster/29244,earth_climate,transformer,https://openreview.net/forum?id=YslOW2SO6S
CL-MFAP: A Contrastive Learning-Based Multimodal Foundation Model for Molecular Property Prediction and Antibiotic Screening,ICLR 2025,Poster,https://iclr.cc//virtual/2025/poster/28842,biology,transformer,https://openreview.net/forum?id=fv9XU7CyN2
Compositional simulation-based inference for time series,ICLR 2025,Poster,https://iclr.cc//virtual/2025/poster/27993,multidisciplinary,neural_network,https://openreview.net/forum?id=uClUUJk05H
Concept Bottleneck Protein Language Models For Protein Design,ICLR 2025,Poster,https://iclr.cc//virtual/2025/poster/29243,biology,transformer,https://openreview.net/forum?id=Yt9CFhOOFe
CFD: Learning Generalized Molecular Representation via Concept-Enhanced  Feedback Disentanglement,ICLR 2025,Poster,https://iclr.cc//virtual/2025/poster/30491,chemistry,neural_network,https://openreview.net/forum?id=CsOIYMOZaV
Composing Unbalanced Flows for Flexible Docking and Relaxation,ICLR 2025,Poster,https://iclr.cc//virtual/2025/poster/28828,chemistry,generative_model,https://openreview.net/forum?id=gHLWTzKiZV
Conditional Diffusion with Ordinal Regression: Longitudinal Data Generation for Neurodegenerative Disease Studies,ICLR 2025,Poster,https://iclr.cc//virtual/2025/poster/30688,medical_healthcare,diffusion_model,https://openreview.net/forum?id=9UGfOJBuL8
Contextualizing biological perturbation experiments through language,ICLR 2025,Poster,https://iclr.cc//virtual/2025/poster/30942,biology,transformer,https://openreview.net/forum?id=5WEpbilssv
Continuous Ensemble Weather Forecasting with Diffusion models,ICLR 2025,Poster,https://iclr.cc//virtual/2025/poster/28928,earth_climate,diffusion_model,https://openreview.net/forum?id=ePEZvQNFDW
CryoFM: A Flow-based Foundation Model for Cryo-EM Densities,ICLR 2025,Poster,https://iclr.cc//virtual/2025/poster/29563,biology,generative_model,https://openreview.net/forum?id=T4sMzjy7fO
CryoGEN: Generative Energy-based Models for Cryogenic Electron Tomography Reconstruction,ICLR 2025,Poster,https://iclr.cc//virtual/2025/poster/27980,biology,generative_model,https://openreview.net/forum?id=uOb7rij7sR
cryoSPHERE: Single-Particle HEterogeneous REconstruction from cryo EM,ICLR 2025,Poster,https://iclr.cc//virtual/2025/poster/28425,biology,generative_model,https://openreview.net/forum?id=n8O0trhost
Curriculum-aware Training for Discriminating Molecular Property Prediction Models,ICLR 2025,Poster,https://iclr.cc//virtual/2025/poster/30904,chemistry,neural_network,https://openreview.net/forum?id=6DHIkLv5i3
CViT: Continuous Vision Transformer for Operator Learning,ICLR 2025,Poster,https://iclr.cc//virtual/2025/poster/29048,physics,transformer,https://openreview.net/forum?id=cRnCcuLvyr
Data Center Cooling System Optimization Using Offline Reinforcement Learning,ICLR 2025,Poster,https://iclr.cc//virtual/2025/poster/29382,physics,neural_network,https://openreview.net/forum?id=W8xukd70cU
Data Distillation for extrapolative protein design through exact preference optimization,ICLR 2025,Poster,https://iclr.cc//virtual/2025/poster/27969,biology,generative_model,https://openreview.net/forum?id=ua5MHdsbck
Deep Signature: Characterization of Large-Scale Molecular Dynamics,ICLR 2025,Poster,https://iclr.cc//virtual/2025/poster/27774,biology,neural_network,https://openreview.net/forum?id=xayT1nn8Mg
DenoiseVAE: Learning Molecule-Adaptive Noise Distributions for Denoising-based 3D Molecular Pre-training,ICLR 2025,Poster,https://iclr.cc//virtual/2025/poster/27701,chemistry,neural_network,https://openreview.net/forum?id=ym7pr83XQr
DEPfold: RNA Secondary Structure Prediction as Dependency Parsing.,ICLR 2025,Poster,https://iclr.cc//virtual/2025/poster/30440,biology,neural_network,https://openreview.net/forum?id=DpLFmc09pC
Designing Mechanical Meta-Materials by Learning Equivariant Flows,ICLR 2025,Poster,https://iclr.cc//virtual/2025/poster/29419,materials,generative_model,https://openreview.net/forum?id=VMurwgAFWP
Diff-PIC: Revolutionizing Particle-In-Cell Nuclear Fusion Simulation with Diffusion Models,ICLR 2025,Poster,https://iclr.cc//virtual/2025/poster/29068,physics,diffusion_model,https://openreview.net/forum?id=c9z65sDx6M
Diffusion Generative Modeling for Spatially Resolved Gene Expression Inference from Histology Images,ICLR 2025,Poster,https://iclr.cc//virtual/2025/poster/30320,biology,diffusion_model,https://openreview.net/forum?id=FtjLUHyZAO
Differentiable and Learnable Wireless Simulation with Geometric Transformers,ICLR 2025,Poster,https://iclr.cc//virtual/2025/poster/30689,physics,transformer,https://openreview.net/forum?id=9TClCDZXeh
Deep Random Features for Scalable Interpolation of Spatiotemporal Data,ICLR 2025,Poster,https://iclr.cc//virtual/2025/poster/29836,earth_climate,neural_network,https://openreview.net/forum?id=OD1MV7vf41
3DMolFormer: A Dual-channel Framework for Structure-based Drug Discovery,ICLR 2025,Poster,https://iclr.cc//virtual/2025/poster/29642,chemistry,transformer,https://openreview.net/forum?id=RgE1qiO2ek
3D-MolT5: Leveraging Discrete Structural Information for Molecule-Text Modeling,ICLR 2025,Poster,https://iclr.cc//virtual/2025/poster/28938,chemistry,transformer,https://openreview.net/forum?id=eGqQyTAbXC
Accelerating 3D Molecule Generation via Jointly Geometric Optimal Transport,ICLR 2025,Poster,https://iclr.cc//virtual/2025/poster/29423,chemistry,flow_matching,https://openreview.net/forum?id=VGURexnlUL
ACES: Automatic Cohort Extraction System for Event-Stream Datasets,ICLR 2025,Poster,https://iclr.cc//virtual/2025/poster/29780,medical_healthcare,rule_based_system,https://openreview.net/forum?id=P4XmKjXTrM
Active Learning for Neural PDE Solvers,ICLR 2025,Poster,https://iclr.cc//virtual/2025/poster/27803,physics,active_learning,https://openreview.net/forum?id=x4ZmQaumRg
Adaptive Shrinkage Estimation for Personalized Deep Kernel Regression in Modeling Brain Trajectories,ICLR 2025,Poster,https://iclr.cc//virtual/2025/poster/28284,medical_healthcare,kernel_method,https://openreview.net/forum?id=peX9zpWgg4
A deep inverse-mapping model for a flapping robotic wing,ICLR 2025,Poster,https://iclr.cc//virtual/2025/poster/31165,physics,sequence_to_sequence_nn,https://openreview.net/forum?id=254NJe9JEw
Agent-to-Sim: Learning Interactive Behavior Models from Casual Longitudinal Videos,ICLR 2025,Poster,https://iclr.cc//virtual/2025/poster/27750,biology,generative_model,https://openreview.net/forum?id=y80D4IojuY
Air Quality Prediction with Physics-Guided Dual Neural ODEs in Open Systems,ICLR 2025,Poster,https://iclr.cc//virtual/2025/poster/28589,earth_climate,neural_ode,https://openreview.net/forum?id=kOJf7Dklyv
Alchemy: Amplifying Theorem-Proving Capability Through Symbolic Mutation,ICLR 2025,Poster,https://iclr.cc//virtual/2025/poster/30827,math,data_augmentation+transformer,https://openreview.net/forum?id=7NL74jUiMg
Ambient Diffusion Posterior Sampling: Solving Inverse Problems with Diffusion Models Trained on Corrupted Data,ICLR 2025,Poster,https://iclr.cc//virtual/2025/poster/28241,medical_healthcare,diffusion_model,https://openreview.net/forum?id=qeXcMutEZY
A Multiscale Frequency Domain Causal Framework for Enhanced Pathological Analysis,ICLR 2025,Poster,https://iclr.cc//virtual/2025/poster/30857,medical_healthcare,multimodal_causal_model,https://openreview.net/forum?id=6xrDPHhwD3
ANaGRAM: A Natural Gradient Relative to Adapted Model for efficient PINNs learning,ICLR 2025,Poster,https://iclr.cc//virtual/2025/poster/28381,physics,physics_informed_neural_network,https://openreview.net/forum?id=o1IiiNIoaA
AssembleFlow: Rigid Flow Matching with Inertial Frames for Molecular Assembly,ICLR 2025,Poster,https://iclr.cc//virtual/2025/poster/28629,chemistry,flow_matching,https://openreview.net/forum?id=jckKNzYYA6
A Simple yet Effective ΔΔG Predictor is An Unsupervised Antibody Optimizer and Explainer,ICLR 2025,Poster,https://iclr.cc//virtual/2025/poster/30140,biology,transformer,https://openreview.net/forum?id=IxmWIkcKs5
A Periodic Bayesian Flow for Material Generation,ICLR 2025,Poster,https://iclr.cc//virtual/2025/poster/29962,materials,flow_matching,https://openreview.net/forum?id=Lz0XW99tE0
A new framework for evaluating model out-of-distribution generalisation for the biochemical domain,ICLR 2025,Poster,https://iclr.cc//virtual/2025/poster/28260,chemistry,benchmark_framework,https://openreview.net/forum?id=qFZnAC4GHR
Animate Your Thoughts: Reconstruction of Dynamic Natural Vision from Human Brain Activity,ICLR 2025,Poster,https://iclr.cc//virtual/2025/poster/30544,neuroscience,diffusion_model,https://openreview.net/forum?id=BpfsxFqhGa
"Theoretically-Principled Sparse, Connected, and Rigid Graph Representation of Molecules",ICLR 2025,Poster,https://iclr.cc//virtual/2025/poster/29832,chemistry,graph_neural_network,https://openreview.net/forum?id=OIvg3MqWX2
Atomas: Hierarchical Adaptive Alignment on Molecule-Text for Unified Molecule Understanding and Generation,ICLR 2025,Poster,https://iclr.cc//virtual/2025/poster/28439,chemistry,transformer,https://openreview.net/forum?id=mun3bGqdDM
AtomSurf: Surface Representation for Learning on Protein Structures,ICLR 2025,Poster,https://iclr.cc//virtual/2025/poster/30633,biology,graph_neural_network,https://openreview.net/forum?id=ARQIJXFcTH
A Unified Framework for Forward and Inverse Problems in Subsurface Imaging using Latent Space Translations,ICLR 2025,Poster,https://iclr.cc//virtual/2025/poster/27736,earth_climate,variational_autoencoder,https://openreview.net/forum?id=yIlyHJdYV3
Bayesian Optimization of Antibodies Informed by a Generative Model of Evolving Sequences,ICLR 2025,Poster,https://iclr.cc//virtual/2025/poster/30425,biology,bayesian_optimization,https://openreview.net/forum?id=E48QvQppIN
Bayesian Image Regression with Soft-thresholded Conditional Autoregressive Prior,ICLR 2025,Poster,https://iclr.cc//virtual/2025/poster/28171,medical_healthcare,bayesian_model,https://openreview.net/forum?id=rnL3OafDdw
Balanced Neural ODEs: nonlinear model order reduction and Koopman operator approximations,ICLR 2025,Poster,https://iclr.cc//virtual/2025/poster/28422,physics,neural_ode,https://openreview.net/forum?id=nA464tCGR5
Beyond Canonicalization: A Non-Message Passing Graph Transformer Approach for Quantum Error Mitigation,ICLR 2025,Poster,https://iclr.cc//virtual/2025/poster/29291,physics,transformer,https://openreview.net/forum?id=XnVttczoAV